caso,cwe_real,vuln_real,classe_14b,resposta_14b,classe_7b,resposta_7b,classe_divergente
BenchmarkTest00021,90,True,TP,"{""vulnerable"": true, ""cwe"": 90}",FN,"{""vulnerable"": true, ""cwe"": 89}",True
BenchmarkTest00044,90,True,TP,"{""vulnerable"": true, ""cwe"": 90}",FN,"{""vulnerable"": true, ""cwe"": 89}",True
BenchmarkTest00047,79,True,TP,"{""vulnerable"": true, ""cwe"": 79}",FN,"{""vulnerable"": true, ""cwe"": 89}",True
BenchmarkTest00065,22,True,FN,"{""vulnerable"": true, ""cwe"": 78}",FN,"{""vulnerable"": false, ""cwe"": null}",False
BenchmarkTest00139,90,False,TN,"{""vulnerable"": false, ""cwe"": null}",FP,"{""vulnerable"": true, ""cwe"": 90}",True
BenchmarkTest00143,328,True,FN,"{""vulnerable"": false, ""cwe"": null}",FN,"{""vulnerable"": true, ""cwe"": 327}",False
BenchmarkTest00169,614,True,FN,"{""vulnerable"": false, ""cwe"": null}",TP,"{""vulnerable"": true, ""cwe"": 614}",True
BenchmarkTest00209,327,False,TN,"{""vulnerable"": false, ""cwe"": null}",FP,"{""vulnerable"": true, ""cwe"": 327}",True
BenchmarkTest00259,327,False,TN,"{""vulnerable"": false, ""cwe"": null}",FP,"{""vulnerable"": true, ""cwe"": 327}",True
BenchmarkTest00272,328,True,FN,"{""vulnerable"": false, ""cwe"": null}",FN,"{""vulnerable"": true, ""cwe"": 327}",False
BenchmarkTest00275,79,False,TN,"{""vulnerable"": false, ""cwe"": null}",FP,"{""vulnerable"": true, ""cwe"": 79}",True
BenchmarkTest00277,79,False,TN,"{""vulnerable"": false, ""cwe"": null}",FP,"{""vulnerable"": true, ""cwe"": 79}",True
BenchmarkTest00351,327,False,TN,"{""vulnerable"": false, ""cwe"": null}",FP,"{""vulnerable"": true, ""cwe"": 327}",True
BenchmarkTest00359,22,True,FN,"{""vulnerable"": false, ""cwe"": null}",TP,"{""vulnerable"": true, ""cwe"": 22}",True
BenchmarkTest00372,328,True,FN,"{""vulnerable"": false, ""cwe"": null}",FN,"{""vulnerable"": true, ""cwe"": 327}",False
BenchmarkTest00379,79,False,TN,"{""vulnerable"": false, ""cwe"": null}",FP,"{""vulnerable"": true, ""cwe"": 79}",True
BenchmarkTest00444,327,False,TN,"{""vulnerable"": false, ""cwe"": null}",FP,"{""vulnerable"": true, ""cwe"": 327}",True
BenchmarkTest00470,79,False,TN,"{""vulnerable"": false, ""cwe"": null}",FP,"{""vulnerable"": true, ""cwe"": 79}",True
BenchmarkTest00544,79,False,TN,"{""vulnerable"": false, ""cwe"": null}",FP,"{""vulnerable"": true, ""cwe"": 79}",True
BenchmarkTest00545,79,False,TN,"{""vulnerable"": false, ""cwe"": null}",FP,"{""vulnerable"": true, ""cwe"": 79}",True
BenchmarkTest00546,79,False,TN,"{""vulnerable"": false, ""cwe"": null}",FP,"{""vulnerable"": true, ""cwe"": 79}",True
BenchmarkTest00548,79,False,TN,"{""vulnerable"": false, ""cwe"": null}",FP,"{""vulnerable"": true, ""cwe"": 79}",True
BenchmarkTest00550,79,False,TN,"{""vulnerable"": false, ""cwe"": null}",FP,"{""vulnerable"": true, ""cwe"": 79}",True
BenchmarkTest00620,22,False,TN,"{""vulnerable"": false, ""cwe"": null}",FP,"{""vulnerable"": true, ""cwe"": 22}",True
BenchmarkTest00621,22,False,TN,"{""vulnerable"": false, ""cwe"": null}",FP,"{""vulnerable"": true, ""cwe"": 22}",True
BenchmarkTest00643,79,True,FN,"{""vulnerable"": false, ""cwe"": null}",TP,"{""vulnerable"": true, ""cwe"": 79}",True
BenchmarkTest00646,79,False,TN,"{""vulnerable"": false, ""cwe"": null}",FP,"{""vulnerable"": true, ""cwe"": 79}",True
BenchmarkTest00650,79,False,TN,"{""vulnerable"": false, ""cwe"": null}",FP,"{""vulnerable"": true, ""cwe"": 79}",True
BenchmarkTest00671,501,True,FN,"{""vulnerable"": false, ""cwe"": null}",TP,"{""vulnerable"": true, ""cwe"": 501}",True
BenchmarkTest00690,327,False,TN,"{""vulnerable"": false, ""cwe"": null}",FP,"{""vulnerable"": true, ""cwe"": 327}",True
BenchmarkTest00694,90,True,TP,"{""vulnerable"": true, ""cwe"": 90}",FN,"{""vulnerable"": true, ""cwe"": 89}",True
BenchmarkTest00695,90,True,FN,"{""vulnerable"": false, ""cwe"": null}",FN,"{""vulnerable"": true, ""cwe"": 89}",False
BenchmarkTest00713,79,False,TN,"{""vulnerable"": false, ""cwe"": null}",FP,"{""vulnerable"": true, ""cwe"": 79}",True
BenchmarkTest00714,79,False,TN,"{""vulnerable"": false, ""cwe"": null}",FP,"{""vulnerable"": true, ""cwe"": 79}",True
BenchmarkTest00780,327,False,TN,"{""vulnerable"": false, ""cwe"": null}",FP,"{""vulnerable"": true, ""cwe"": 327}",True
BenchmarkTest00804,79,True,FN,"{""vulnerable"": false, ""cwe"": null}",TP,"{""vulnerable"": true, ""cwe"": 79}",True
BenchmarkTest00810,79,True,FN,"{""vulnerable"": false, ""cwe"": null}",TP,"{""vulnerable"": true, ""cwe"": 79}",True
BenchmarkTest00861,90,False,FP,"{""vulnerable"": true, ""cwe"": 90}",TN,"{""vulnerable"": true, ""cwe"": 89}",True
BenchmarkTest00862,22,False,TN,"{""vulnerable"": false, ""cwe"": null}",FP,"{""vulnerable"": true, ""cwe"": 22}",True
BenchmarkTest00864,22,False,TN,"{""vulnerable"": false, ""cwe"": null}",FP,"{""vulnerable"": true, ""cwe"": 22}",True
BenchmarkTest00947,90,True,TP,"{""vulnerable"": true, ""cwe"": 90}",FN,"{""vulnerable"": false, ""cwe"": null}",True
BenchmarkTest00948,90,False,FP,"{""vulnerable"": true, ""cwe"": 90}",TN,"{""vulnerable"": false, ""cwe"": null}",True
BenchmarkTest00949,22,True,TP,"{""vulnerable"": true, ""cwe"": 22}",FN,"{""vulnerable"": false, ""cwe"": null}",True
BenchmarkTest00953,22,True,TP,"{""vulnerable"": true, ""cwe"": 22}",FN,"{""vulnerable"": false, ""cwe"": null}",True
BenchmarkTest00954,22,False,FP,"{""vulnerable"": true, ""cwe"": 22}",TN,"{""vulnerable"": false, ""cwe"": null}",True
BenchmarkTest00955,22,False,FP,"{""vulnerable"": true, ""cwe"": 22}",TN,"{""vulnerable"": false, ""cwe"": null}",True
BenchmarkTest00956,22,True,FN,"{""vulnerable"": true, ""cwe"": 78}",FN,"{""vulnerable"": false, ""cwe"": null}",False
BenchmarkTest00957,22,False,FP,"{""vulnerable"": true, ""cwe"": 22}",TN,"{""vulnerable"": false, ""cwe"": null}",True
BenchmarkTest00958,22,False,FP,"{""vulnerable"": true, ""cwe"": 22}",TN,"{""vulnerable"": false, ""cwe"": null}",True
BenchmarkTest00959,90,True,TP,"{""vulnerable"": true, ""cwe"": 90}",FN,"{""vulnerable"": false, ""cwe"": null}",True
BenchmarkTest01013,643,False,TN,"{""vulnerable"": false, ""cwe"": null}",FP,"{""vulnerable"": true, ""cwe"": 643}",True
BenchmarkTest01026,22,False,TN,"{""vulnerable"": false, ""cwe"": null}",FP,"{""vulnerable"": true, ""cwe"": 22}",True
BenchmarkTest01027,22,False,TN,"{""vulnerable"": false, ""cwe"": null}",FP,"{""vulnerable"": true, ""cwe"": 22}",True
BenchmarkTest01038,328,True,TP,"{""vulnerable"": true, ""cwe"": 328}",FN,"{""vulnerable"": false, ""cwe"": null}",True
BenchmarkTest01050,79,True,TP,"{""vulnerable"": true, ""cwe"": 79}",FN,"{""vulnerable"": false, ""cwe"": null}",True
BenchmarkTest01056,79,True,TP,"{""vulnerable"": true, ""cwe"": 79}",FN,"{""vulnerable"": false, ""cwe"": null}",True
BenchmarkTest01109,22,False,TN,"{""vulnerable"": false, ""cwe"": null}",FP,"{""vulnerable"": true, ""cwe"": 22}",True
BenchmarkTest01173,79,True,FN,"{""vulnerable"": false, ""cwe"": null}",TP,"{""vulnerable"": true, ""cwe"": 79}",True
BenchmarkTest01181,79,True,TP,"{""vulnerable"": true, ""cwe"": 79}",FN,"{""vulnerable"": false, ""cwe"": null}",True
BenchmarkTest01185,614,True,TP,"{""vulnerable"": true, ""cwe"": 614}",FN,"{""vulnerable"": false, ""cwe"": null}",True
BenchmarkTest01209,89,True,FN,"{""vulnerable"": false, ""cwe"": null}",TP,"{""vulnerable"": true, ""cwe"": 89}",True
BenchmarkTest01247,328,True,TP,"{""vulnerable"": true, ""cwe"": 328}",FN,"{""vulnerable"": false, ""cwe"": null}",True
BenchmarkTest01262,79,True,TP,"{""vulnerable"": true, ""cwe"": 79}",FN,"{""vulnerable"": false, ""cwe"": null}",True
BenchmarkTest01265,79,False,FP,"{""vulnerable"": true, ""cwe"": 79}",TN,"{""vulnerable"": false, ""cwe"": null}",True
BenchmarkTest01266,79,True,TP,"{""vulnerable"": true, ""cwe"": 79}",FN,"{""vulnerable"": false, ""cwe"": null}",True
BenchmarkTest01284,79,True,TP,"{""vulnerable"": true, ""cwe"": 79}",FN,"{""vulnerable"": false, ""cwe"": null}",True
BenchmarkTest01301,89,False,TN,"{""vulnerable"": false, ""cwe"": null}",FP,"{""vulnerable"": true, ""cwe"": 89}",True
BenchmarkTest01326,90,True,TP,"{""vulnerable"": true, ""cwe"": 90}",FN,"{""vulnerable"": false, ""cwe"": null}",True
BenchmarkTest01341,79,False,TN,"{""vulnerable"": false, ""cwe"": null}",FP,"{""vulnerable"": true, ""cwe"": 79}",True
BenchmarkTest01345,79,False,FP,"{""vulnerable"": true, ""cwe"": 79}",TN,"{""vulnerable"": false, ""cwe"": null}",True
BenchmarkTest01378,89,False,TN,"{""vulnerable"": false, ""cwe"": null}",FP,"{""vulnerable"": true, ""cwe"": 89}",True
BenchmarkTest01380,89,False,TN,"{""vulnerable"": false, ""cwe"": null}",FP,"{""vulnerable"": true, ""cwe"": 89}",True
BenchmarkTest01399,327,False,TN,"{""vulnerable"": false, ""cwe"": null}",FP,"{""vulnerable"": true, ""cwe"": 327}",True
BenchmarkTest01402,90,False,FP,"{""vulnerable"": true, ""cwe"": 90}",TN,"{""vulnerable"": false, ""cwe"": null}",True
BenchmarkTest01404,22,False,TN,"{""vulnerable"": false, ""cwe"": null}",FP,"{""vulnerable"": true, ""cwe"": 22}",True
BenchmarkTest01437,79,True,TP,"{""vulnerable"": true, ""cwe"": 79}",FN,"{""vulnerable"": false, ""cwe"": null}",True
BenchmarkTest01439,79,False,FP,"{""vulnerable"": true, ""cwe"": 79}",TN,"{""vulnerable"": false, ""cwe"": null}",True
BenchmarkTest01491,90,False,TN,"{""vulnerable"": false, ""cwe"": null}",TN,"{""vulnerable"": true, ""cwe"": 89}",False
BenchmarkTest01508,79,False,FP,"{""vulnerable"": true, ""cwe"": 79}",TN,"{""vulnerable"": false, ""cwe"": null}",True
BenchmarkTest01509,79,True,TP,"{""vulnerable"": true, ""cwe"": 79}",FN,"{""vulnerable"": false, ""cwe"": null}",True
BenchmarkTest01513,79,False,FP,"{""vulnerable"": true, ""cwe"": 79}",TN,"{""vulnerable"": false, ""cwe"": null}",True
BenchmarkTest01515,79,False,TN,"{""vulnerable"": false, ""cwe"": null}",FP,"{""vulnerable"": true, ""cwe"": 79}",True
BenchmarkTest01568,90,True,TP,"{""vulnerable"": true, ""cwe"": 90}",FN,"{""vulnerable"": true, ""cwe"": 89}",True
BenchmarkTest01569,90,False,TN,"{""vulnerable"": false, ""cwe"": null}",TN,"{""vulnerable"": true, ""cwe"": 89}",False
BenchmarkTest01570,22,False,TN,"{""vulnerable"": false, ""cwe"": null}",FP,"{""vulnerable"": true, ""cwe"": 22}",True
BenchmarkTest01583,79,True,TP,"{""vulnerable"": true, ""cwe"": 79}",FN,"{""vulnerable"": false, ""cwe"": null}",True
BenchmarkTest01591,79,False,TN,"{""vulnerable"": false, ""cwe"": null}",FP,"{""vulnerable"": true, ""cwe"": 79}",True
BenchmarkTest01592,79,True,TP,"{""vulnerable"": true, ""cwe"": 79}",FN,"{""vulnerable"": false, ""cwe"": null}",True
BenchmarkTest01593,79,False,FP,"{""vulnerable"": true, ""cwe"": 79}",TN,"{""vulnerable"": false, ""cwe"": null}",True
BenchmarkTest01596,79,True,TP,"{""vulnerable"": true, ""cwe"": 79}",FN,"{""vulnerable"": false, ""cwe"": null}",True
BenchmarkTest01633,643,False,TN,"{""vulnerable"": false, ""cwe"": null}",FP,"{""vulnerable"": true, ""cwe"": 643}",True
BenchmarkTest01662,79,True,TP,"{""vulnerable"": true, ""cwe"": 79}",FN,"{""vulnerable"": false, ""cwe"": null}",True
BenchmarkTest01666,79,True,TP,"{""vulnerable"": true, ""cwe"": 79}",FN,"{""vulnerable"": false, ""cwe"": null}",True
BenchmarkTest01735,643,False,TN,"{""vulnerable"": false, ""cwe"": null}",FP,"{""vulnerable"": true, ""cwe"": 643}",True
BenchmarkTest01736,643,True,FN,"{""vulnerable"": false, ""cwe"": null}",TP,"{""vulnerable"": true, ""cwe"": 643}",True
BenchmarkTest01743,90,False,FP,"{""vulnerable"": true, ""cwe"": 90}",TN,"{""vulnerable"": false, ""cwe"": null}",True
BenchmarkTest01744,22,False,TN,"{""vulnerable"": false, ""cwe"": null}",FP,"{""vulnerable"": true, ""cwe"": 22}",True
BenchmarkTest01753,90,False,FP,"{""vulnerable"": true, ""cwe"": 90}",TN,"{""vulnerable"": false, ""cwe"": null}",True
BenchmarkTest01756,90,False,FP,"{""vulnerable"": true, ""cwe"": 90}",TN,"{""vulnerable"": false, ""cwe"": null}",True
BenchmarkTest01768,79,False,FP,"{""vulnerable"": true, ""cwe"": 79}",TN,"{""vulnerable"": false, ""cwe"": null}",True
BenchmarkTest01774,79,False,FP,"{""vulnerable"": true, ""cwe"": 79}",TN,"{""vulnerable"": false, ""cwe"": null}",True
BenchmarkTest01775,79,False,FP,"{""vulnerable"": true, ""cwe"": 79}",TN,"{""vulnerable"": false, ""cwe"": null}",True
BenchmarkTest01776,79,False,FP,"{""vulnerable"": true, ""cwe"": 79}",TN,"{""vulnerable"": false, ""cwe"": null}",True
BenchmarkTest01777,79,False,FP,"{""vulnerable"": true, ""cwe"": 79}",TN,"{""vulnerable"": false, ""cwe"": null}",True
BenchmarkTest01789,614,True,TP,"{""vulnerable"": true, ""cwe"": 614}",FN,"{""vulnerable"": false, ""cwe"": null}",True
BenchmarkTest01804,89,False,TN,"{""vulnerable"": false, ""cwe"": null}",FP,"{""vulnerable"": true, ""cwe"": 89}",True
BenchmarkTest01831,90,True,TP,"{""vulnerable"": true, ""cwe"": 90}",FN,"{""vulnerable"": false, ""cwe"": null}",True
BenchmarkTest01832,90,True,TP,"{""vulnerable"": true, ""cwe"": 90}",FN,"{""vulnerable"": false, ""cwe"": null}",True
BenchmarkTest01833,22,True,TP,"{""vulnerable"": true, ""cwe"": 22}",FN,"{""vulnerable"": false, ""cwe"": null}",True
BenchmarkTest01834,22,False,FP,"{""vulnerable"": true, ""cwe"": 22}",TN,"{""vulnerable"": false, ""cwe"": null}",True
BenchmarkTest01835,22,True,TP,"{""vulnerable"": true, ""cwe"": 22}",FN,"{""vulnerable"": false, ""cwe"": null}",True
BenchmarkTest01836,22,True,TP,"{""vulnerable"": true, ""cwe"": 22}",FN,"{""vulnerable"": false, ""cwe"": null}",True
BenchmarkTest01838,22,False,FP,"{""vulnerable"": true, ""cwe"": 22}",TN,"{""vulnerable"": false, ""cwe"": null}",True
BenchmarkTest01839,22,True,TP,"{""vulnerable"": true, ""cwe"": 22}",FN,"{""vulnerable"": false, ""cwe"": null}",True
BenchmarkTest01841,22,False,FP,"{""vulnerable"": true, ""cwe"": 22}",TN,"{""vulnerable"": false, ""cwe"": null}",True
BenchmarkTest01896,327,False,TN,"{""vulnerable"": false, ""cwe"": null}",FP,"{""vulnerable"": true, ""cwe"": 327}",True
BenchmarkTest01902,90,True,TP,"{""vulnerable"": true, ""cwe"": 90}",FN,"{""vulnerable"": true, ""cwe"": 89}",True
BenchmarkTest01903,90,False,FP,"{""vulnerable"": true, ""cwe"": 90}",TN,"{""vulnerable"": true, ""cwe"": 89}",True
BenchmarkTest01909,90,False,FP,"{""vulnerable"": true, ""cwe"": 90}",TN,"{""vulnerable"": true, ""cwe"": 89}",True
BenchmarkTest01927,79,True,TP,"{""vulnerable"": true, ""cwe"": 79}",FN,"{""vulnerable"": false, ""cwe"": null}",True
BenchmarkTest02102,327,False,TN,"{""vulnerable"": false, ""cwe"": null}",FP,"{""vulnerable"": true, ""cwe"": 327}",True
BenchmarkTest02130,79,True,TP,"{""vulnerable"": true, ""cwe"": 79}",FN,"{""vulnerable"": false, ""cwe"": null}",True
BenchmarkTest02135,79,False,TN,"{""vulnerable"": false, ""cwe"": null}",FP,"{""vulnerable"": true, ""cwe"": 79}",True
BenchmarkTest02136,79,True,TP,"{""vulnerable"": true, ""cwe"": 79}",FN,"{""vulnerable"": false, ""cwe"": null}",True
BenchmarkTest02196,90,True,TP,"{""vulnerable"": true, ""cwe"": 90}",FN,"{""vulnerable"": true, ""cwe"": 89}",True
BenchmarkTest02200,22,False,TN,"{""vulnerable"": false, ""cwe"": null}",FP,"{""vulnerable"": true, ""cwe"": 22}",True
BenchmarkTest02223,79,True,TP,"{""vulnerable"": true, ""cwe"": 79}",FN,"{""vulnerable"": false, ""cwe"": null}",True
BenchmarkTest02227,79,True,TP,"{""vulnerable"": true, ""cwe"": 79}",FN,"{""vulnerable"": false, ""cwe"": null}",True
BenchmarkTest02228,79,True,TP,"{""vulnerable"": true, ""cwe"": 79}",FN,"{""vulnerable"": false, ""cwe"": null}",True
BenchmarkTest02234,79,True,TP,"{""vulnerable"": true, ""cwe"": 79}",FN,"{""vulnerable"": false, ""cwe"": null}",True
BenchmarkTest02238,79,False,TN,"{""vulnerable"": false, ""cwe"": null}",FP,"{""vulnerable"": true, ""cwe"": 79}",True
BenchmarkTest02271,89,False,TN,"{""vulnerable"": false, ""cwe"": null}",FP,"{""vulnerable"": true, ""cwe"": 89}",True
BenchmarkTest02300,22,False,TN,"{""vulnerable"": false, ""cwe"": null}",FP,"{""vulnerable"": true, ""cwe"": 22}",True
BenchmarkTest02301,22,False,TN,"{""vulnerable"": false, ""cwe"": null}",FP,"{""vulnerable"": true, ""cwe"": 22}",True
BenchmarkTest02306,90,True,TP,"{""vulnerable"": true, ""cwe"": 90}",FN,"{""vulnerable"": true, ""cwe"": 89}",True
BenchmarkTest02313,79,False,TN,"{""vulnerable"": false, ""cwe"": null}",FP,"{""vulnerable"": true, ""cwe"": 79}",True
BenchmarkTest02326,79,True,TP,"{""vulnerable"": true, ""cwe"": 79}",FN,"{""vulnerable"": false, ""cwe"": null}",True
BenchmarkTest02327,79,True,TP,"{""vulnerable"": true, ""cwe"": 79}",FN,"{""vulnerable"": false, ""cwe"": null}",True
BenchmarkTest02330,79,False,FP,"{""vulnerable"": true, ""cwe"": 79}",TN,"{""vulnerable"": false, ""cwe"": null}",True
BenchmarkTest02376,90,False,FP,"{""vulnerable"": true, ""cwe"": 90}",TN,"{""vulnerable"": false, ""cwe"": null}",True
BenchmarkTest02400,79,True,TP,"{""vulnerable"": true, ""cwe"": 79}",FN,"{""vulnerable"": false, ""cwe"": null}",True
BenchmarkTest02406,79,False,FP,"{""vulnerable"": true, ""cwe"": 79}",TN,"{""vulnerable"": false, ""cwe"": null}",True
BenchmarkTest02407,79,True,TP,"{""vulnerable"": true, ""cwe"": 79}",FN,"{""vulnerable"": false, ""cwe"": null}",True
BenchmarkTest02408,79,False,TN,"{""vulnerable"": false, ""cwe"": null}",FP,"{""vulnerable"": true, ""cwe"": 79}",True
BenchmarkTest02409,79,True,TP,"{""vulnerable"": true, ""cwe"": 79}",FN,"{""vulnerable"": false, ""cwe"": null}",True
BenchmarkTest02457,643,False,TN,"{""vulnerable"": false, ""cwe"": null}",FP,"{""vulnerable"": true, ""cwe"": 643}",True
BenchmarkTest02464,22,False,TN,"{""vulnerable"": false, ""cwe"": null}",FP,"{""vulnerable"": true, ""cwe"": 22}",True
BenchmarkTest02490,79,False,TN,"{""vulnerable"": false, ""cwe"": null}",FP,"{""vulnerable"": true, ""cwe"": 79}",True
BenchmarkTest02491,79,False,TN,"{""vulnerable"": false, ""cwe"": null}",FP,"{""vulnerable"": true, ""cwe"": 79}",True
BenchmarkTest02568,22,False,TN,"{""vulnerable"": true, ""cwe"": 78}",FP,"{""vulnerable"": true, ""cwe"": 22}",True
BenchmarkTest02572,90,False,FP,"{""vulnerable"": true, ""cwe"": 90}",TN,"{""vulnerable"": true, ""cwe"": 89}",True
BenchmarkTest02582,79,True,TP,"{""vulnerable"": true, ""cwe"": 79}",FN,"{""vulnerable"": false, ""cwe"": null}",True
BenchmarkTest02584,79,True,TP,"{""vulnerable"": true, ""cwe"": 79}",FN,"{""vulnerable"": false, ""cwe"": null}",True
BenchmarkTest02591,79,True,TP,"{""vulnerable"": true, ""cwe"": 79}",FN,"{""vulnerable"": false, ""cwe"": null}",True
BenchmarkTest02594,79,False,FP,"{""vulnerable"": true, ""cwe"": 79}",TN,"{""vulnerable"": false, ""cwe"": null}",True
BenchmarkTest02597,79,True,TP,"{""vulnerable"": true, ""cwe"": 79}",FN,"{""vulnerable"": false, ""cwe"": null}",True
BenchmarkTest02633,89,False,TN,"{""vulnerable"": false, ""cwe"": null}",FP,"{""vulnerable"": true, ""cwe"": 89}",True
BenchmarkTest02682,79,False,FP,"{""vulnerable"": true, ""cwe"": 79}",TN,"{""vulnerable"": false, ""cwe"": null}",True
BenchmarkTest02683,79,False,TN,"{""vulnerable"": false, ""cwe"": null}",FP,"{""vulnerable"": true, ""cwe"": 79}",True
BenchmarkTest02684,79,False,FP,"{""vulnerable"": true, ""cwe"": 79}",TN,"{""vulnerable"": false, ""cwe"": null}",True
BenchmarkTest02685,79,False,FP,"{""vulnerable"": true, ""cwe"": 79}",TN,"{""vulnerable"": false, ""cwe"": null}",True
BenchmarkTest02692,79,False,FP,"{""vulnerable"": true, ""cwe"": 79}",TN,"{""vulnerable"": false, ""cwe"": null}",True
BenchmarkTest02693,79,False,FP,"{""vulnerable"": true, ""cwe"": 79}",TN,"{""vulnerable"": false, ""cwe"": null}",True
BenchmarkTest02695,79,False,FP,"{""vulnerable"": true, ""cwe"": 79}",TN,"{""vulnerable"": false, ""cwe"": null}",True
BenchmarkTest02730,89,False,TN,"{""vulnerable"": false, ""cwe"": null}",FP,"{""vulnerable"": true, ""cwe"": 89}",True
