modelo,caso,cwe_real,vuln_real,classe_r1,resposta_r1,classe_r2,resposta_r2,classe_r3,resposta_r3,classe_v2,resposta_v2,classificacao_variou
Qwen2.5-Coder 7B,BenchmarkTest00065,22,True,FN,"{""vulnerable"": false, ""cwe"": null}",TP,"{""vulnerable"": true, ""cwe"": 22}",FN,"{""vulnerable"": false, ""cwe"": null}",FN,"{""vulnerable"": false, ""cwe"": null}",True
Qwen2.5-Coder 7B,BenchmarkTest01753,90,False,FP,"{""vulnerable"": true, ""cwe"": 90}",TN,"{""vulnerable"": false, ""cwe"": null}",TN,"{""vulnerable"": false, ""cwe"": null}",TN,"{""vulnerable"": false, ""cwe"": null}",True
Qwen2.5-Coder 7B,BenchmarkTest01896,327,False,FP,"{""vulnerable"": true, ""cwe"": 327}",TN,"{""vulnerable"": false, ""cwe"": null}",TN,"{""vulnerable"": false, ""cwe"": null}",FP,"{""vulnerable"": true, ""cwe"": 327}",True
Qwen2.5-Coder 7B,BenchmarkTest02104,90,False,FP,"{""vulnerable"": true, ""cwe"": 90}",TN,"{""vulnerable"": false, ""cwe"": null}",TN,"{""vulnerable"": false, ""cwe"": null}",FP,"{""vulnerable"": true, ""cwe"": 90}",True
Qwen2.5-Coder 7B,BenchmarkTest02509,79,False,TN,"{""vulnerable"": false, ""cwe"": null}",FP,"{""vulnerable"": true, ""cwe"": 79}",FP,"{""vulnerable"": true, ""cwe"": 79}",FP,"{""vulnerable"": true, ""cwe"": 79}",True
Qwen2.5-Coder 7B,BenchmarkTest02553,90,False,TN,"{""vulnerable"": true, ""cwe"": 89}",TN,"{""vulnerable"": true, ""cwe"": 89}",FP,"{""vulnerable"": true, ""cwe"": 90}",FP,"{""vulnerable"": true, ""cwe"": 90}",True
Llama 3.1 8B,BenchmarkTest00067,330,True,FN,"{""vulnerable"": true, ""cwe"": 89}",FN,"{""vulnerable"": true, ""cwe"": 327}",FN,"{""vulnerable"": true, ""cwe"": 327}",FN,"{""vulnerable"": true, ""cwe"": 89}",False
Llama 3.1 8B,BenchmarkTest00068,330,True,FN,"{""vulnerable"": true, ""cwe"": 327}",TP,"{""vulnerable"": true, ""cwe"": 330}",TP,"{""vulnerable"": true, ""cwe"": 330}",FN,"{""vulnerable"": true, ""cwe"": 327}",True
Llama 3.1 8B,BenchmarkTest00169,614,True,TP,"{""vulnerable"": true, ""cwe"": 614}",FN,"{""vulnerable"": true, ""cwe"": 89}",FN,"{""vulnerable"": true, ""cwe"": 89}",TP,"{""vulnerable"": true, ""cwe"": 614}",True
Llama 3.1 8B,BenchmarkTest00170,614,True,TP,"{""vulnerable"": true, ""cwe"": 614}",FN,"{""vulnerable"": true, ""cwe"": 89}",FN,"{""vulnerable"": true, ""cwe"": 89}",TP,"{""vulnerable"": true, ""cwe"": 614}",True
Llama 3.1 8B,BenchmarkTest00180,330,False,TN,"{""vulnerable"": true, ""cwe"": 89}",TN,"{""vulnerable"": true, ""cwe"": 327}",TN,"{""vulnerable"": true, ""cwe"": 327}",TN,"{""vulnerable"": true, ""cwe"": 89}",False
Llama 3.1 8B,BenchmarkTest00184,330,False,TN,"{""vulnerable"": true, ""cwe"": 327}",FP,"{""vulnerable"": true, ""cwe"": 330}",FP,"{""vulnerable"": true, ""cwe"": 330}",TN,"{""vulnerable"": true, ""cwe"": 327}",True
Llama 3.1 8B,BenchmarkTest00471,79,False,TN,"{""vulnerable"": false, ""cwe"": null}",FP,"{""vulnerable"": true, ""cwe"": 79}",FP,"{""vulnerable"": true, ""cwe"": 79}",TN,"{""vulnerable"": false, ""cwe"": null}",True
Llama 3.1 8B,BenchmarkTest00734,330,True,FN,"{""vulnerable"": true, ""cwe"": 89}",FN,"{""vulnerable"": true, ""cwe"": 327}",FN,"{""vulnerable"": true, ""cwe"": 327}",FN,"{""vulnerable"": true, ""cwe"": 89}",False
Llama 3.1 8B,BenchmarkTest01242,90,True,TP,"{""vulnerable"": true, ""cwe"": 90}",FN,"{""vulnerable"": true, ""cwe"": 89}",FN,"{""vulnerable"": true, ""cwe"": 89}",TP,"{""vulnerable"": true, ""cwe"": 90}",True
Llama 3.1 8B,BenchmarkTest01942,78,True,TP,"{""vulnerable"": true, ""cwe"": 78}",FN,"{""vulnerable"": true, ""cwe"": 89}",FN,"{""vulnerable"": true, ""cwe"": 89}",TP,"{""vulnerable"": true, ""cwe"": 78}",True
Llama 3.1 8B,BenchmarkTest02010,330,False,FP,"{""vulnerable"": true, ""cwe"": 330}",TN,"{""vulnerable"": true, ""cwe"": 327}",TN,"{""vulnerable"": true, ""cwe"": 327}",FP,"{""vulnerable"": true, ""cwe"": 330}",True
Llama 3.1 8B,BenchmarkTest02147,78,True,FN,"{""vulnerable"": true, ""cwe"": 89}",TP,"{""vulnerable"": true, ""cwe"": 78}",TP,"{""vulnerable"": true, ""cwe"": 78}",FN,"{""vulnerable"": true, ""cwe"": 89}",True
Llama 3.1 8B,BenchmarkTest02396,79,True,FN,"{""vulnerable"": true, ""cwe"": 89}",TP,"{""vulnerable"": true, ""cwe"": 79}",TP,"{""vulnerable"": true, ""cwe"": 79}",FN,"{""vulnerable"": true, ""cwe"": 89}",True
Llama 3.1 8B,BenchmarkTest02437,330,False,FP,"{""vulnerable"": true, ""cwe"": 330}",TN,"{""vulnerable"": true, ""cwe"": 89}",TN,"{""vulnerable"": true, ""cwe"": 89}",FP,"{""vulnerable"": true, ""cwe"": 330}",True
Llama 3.1 8B,BenchmarkTest02592,79,True,TP,"{""vulnerable"": true, ""cwe"": 79}",FN,"{""vulnerable"": true, ""cwe"": 89}",FN,"{""vulnerable"": true, ""cwe"": 89}",TP,"{""vulnerable"": true, ""cwe"": 79}",True
