Modelo,Execucao,TP,FP,TN,FN,TPR,FPR,Precisao,F1,Score,Score_oficial
Qwen2.5-Coder 14B,v2,832,636,689,583,0.5880,0.4800,0.5668,0.5772,10.80,14.29
Qwen2.5-Coder 14B,r1,836,636,689,579,0.5908,0.4800,0.5679,0.5791,11.08,14.93
Qwen2.5-Coder 14B,r2,836,636,689,579,0.5908,0.4800,0.5679,0.5791,11.08,14.93
Qwen2.5-Coder 14B,r3,836,636,689,579,0.5908,0.4800,0.5679,0.5791,11.08,14.93
Qwen2.5-Coder 7B,v2,789,658,667,626,0.5576,0.4966,0.5453,0.5514,6.10,8.39
Qwen2.5-Coder 7B,r1,789,657,668,626,0.5576,0.4958,0.5456,0.5516,6.17,8.43
Qwen2.5-Coder 7B,r2,790,655,670,625,0.5583,0.4943,0.5467,0.5524,6.40,9.10
Qwen2.5-Coder 7B,r3,789,656,669,626,0.5576,0.4951,0.5460,0.5517,6.25,8.75
Llama 3.1 8B,v2,591,475,850,824,0.4177,0.3585,0.5544,0.4764,5.92,10.52
Llama 3.1 8B,r1,591,475,850,824,0.4177,0.3585,0.5544,0.4764,5.92,10.52
Llama 3.1 8B,r2,589,475,850,826,0.4163,0.3585,0.5536,0.4752,5.78,9.71
Llama 3.1 8B,r3,589,475,850,826,0.4163,0.3585,0.5536,0.4752,5.78,9.71
