CWE,Categoria,Casos,TPR Qwen2.5-Coder 14B,FPR Qwen2.5-Coder 14B,TPR Qwen2.5-Coder 7B,FPR Qwen2.5-Coder 7B,TPR Llama 3.1 8B,FPR Llama 3.1 8B
22,Path traversal,268,0.9850,0.8963,0.9323,0.9481,1.0000,1.0000
78,Injeção de comando,251,1.0000,1.0000,1.0000,1.0000,1.0000,1.0000
79,XSS,455,0.9512,0.5885,0.8496,0.6029,1.0000,0.8517
89,Injeção de SQL,504,0.9963,0.9698,1.0000,1.0000,1.0000,1.0000
90,Injeção de LDAP,59,0.9630,0.8438,0.8148,0.7500,1.0000,1.0000
327,Criptografia fraca,246,0.0000,0.0000,0.0000,0.0776,1.0000,1.0000
328,Hash fraco,236,0.0155,0.0000,0.0233,0.0000,1.0000,1.0000
330,Aleatoriedade fraca,493,0.0000,0.0000,0.0000,0.0000,0.9725,0.9855
501,Fronteira de confiança,126,0.0000,0.0000,0.0120,0.0000,0.9759,0.9767
614,Cookie inseguro,67,0.8333,0.0000,0.8056,0.0000,1.0000,0.8710
643,Injeção de XPath,35,0.9333,0.8000,1.0000,1.0000,1.0000,1.0000
