modelo,categoria,cwe_esperada,casos_reais,a_nao_detectou,a_pct,b_outra_cwe,b_pct,cwe_esperada_reportada,cwe_esperada_pct
Qwen2.5-Coder 14B,crypto,327,130,130,100.00,0,0.00,0,0.00
Qwen2.5-Coder 14B,hash,328,129,127,98.45,0,0.00,2,1.55
Qwen2.5-Coder 14B,weakrand,330,218,218,100.00,0,0.00,0,0.00
Qwen2.5-Coder 14B,trustbound,501,83,83,100.00,0,0.00,0,0.00
Qwen2.5-Coder 7B,crypto,327,130,130,100.00,0,0.00,0,0.00
Qwen2.5-Coder 7B,hash,328,129,126,97.67,3,2.33,0,0.00
Qwen2.5-Coder 7B,weakrand,330,218,218,100.00,0,0.00,0,0.00
Qwen2.5-Coder 7B,trustbound,501,83,82,98.80,0,0.00,1,1.20
Llama 3.1 8B,crypto,327,130,0,0.00,130,100.00,0,0.00
Llama 3.1 8B,hash,328,129,0,0.00,129,100.00,0,0.00
Llama 3.1 8B,weakrand,330,218,6,2.75,204,93.58,8,3.67
Llama 3.1 8B,trustbound,501,83,2,2.41,81,97.59,0,0.00
